-- MySQL dump 10.16  Distrib 10.1.25-MariaDB, for Win32 (AMD64)
--
-- Host: 10.50.119.149    Database: pct
-- ------------------------------------------------------
-- Server version	10.1.21-MariaDB

/*!40101 SET @OLD_CHARACTER_SET_CLIENT=@@CHARACTER_SET_CLIENT */;
/*!40101 SET @OLD_CHARACTER_SET_RESULTS=@@CHARACTER_SET_RESULTS */;
/*!40101 SET @OLD_COLLATION_CONNECTION=@@COLLATION_CONNECTION */;
/*!40101 SET NAMES utf8 */;
/*!40103 SET @OLD_TIME_ZONE=@@TIME_ZONE */;
/*!40103 SET TIME_ZONE='+00:00' */;
/*!40014 SET @OLD_UNIQUE_CHECKS=@@UNIQUE_CHECKS, UNIQUE_CHECKS=0 */;
/*!40014 SET @OLD_FOREIGN_KEY_CHECKS=@@FOREIGN_KEY_CHECKS, FOREIGN_KEY_CHECKS=0 */;
/*!40101 SET @OLD_SQL_MODE=@@SQL_MODE, SQL_MODE='NO_AUTO_VALUE_ON_ZERO' */;
/*!40111 SET @OLD_SQL_NOTES=@@SQL_NOTES, SQL_NOTES=0 */;

--
-- Current Database: `pct`
--

CREATE DATABASE /*!32312 IF NOT EXISTS*/ `pct` /*!40100 DEFAULT CHARACTER SET utf8 */;

USE `pct`;

--
-- Table structure for table `tb_adiantamentos`
--

DROP TABLE IF EXISTS `tb_adiantamentos`;
/*!40101 SET @saved_cs_client     = @@character_set_client */;
/*!40101 SET character_set_client = utf8 */;
CREATE TABLE `tb_adiantamentos` (
  `ID` int(11) NOT NULL AUTO_INCREMENT,
  `ID_SERVIDOR_BENEFICIARIO` int(11) NOT NULL,
  `ID_ORGAO` int(11) NOT NULL,
  `VL_RECEBIDO` decimal(10,2) NOT NULL,
  `DT_RECEBIMENTO` date NOT NULL,
  `NM_ORDEM_BANCARIA` varchar(255) NOT NULL,
  `VL_MATERIAL_CONSUMO` decimal(10,2) NOT NULL,
  `VL_SERVICOS_PF` decimal(10,2) NOT NULL,
  `VL_SERVICOS_PJ` decimal(10,2) NOT NULL,
  `VL_DEVOLVIDO` decimal(10,2) NOT NULL,
  `DT_PRESTACAO_CONTAS` date NOT NULL,
  `DT_ULTIMA_ATUALIZACAO` date NOT NULL,
  `ID_SERVIDOR_ATUALIZOU` int(11) NOT NULL,
  PRIMARY KEY (`ID`),
  KEY `ID_SERVIDOR_BENEFICIARIO` (`ID_SERVIDOR_BENEFICIARIO`),
  KEY `ID_ORGAO` (`ID_ORGAO`),
  KEY `ID_SERVIDOR_ATUALIZOU` (`ID_SERVIDOR_ATUALIZOU`),
  CONSTRAINT `tb_adiantamentos_ibfk_1` FOREIGN KEY (`ID_SERVIDOR_BENEFICIARIO`) REFERENCES `tb_servidores` (`ID`),
  CONSTRAINT `tb_adiantamentos_ibfk_2` FOREIGN KEY (`ID_ORGAO`) REFERENCES `tb_orgaos` (`ID`),
  CONSTRAINT `tb_adiantamentos_ibfk_3` FOREIGN KEY (`ID_SERVIDOR_ATUALIZOU`) REFERENCES `tb_servidores` (`ID`)
) ENGINE=InnoDB AUTO_INCREMENT=4 DEFAULT CHARSET=utf8;
/*!40101 SET character_set_client = @saved_cs_client */;

--
-- Dumping data for table `tb_adiantamentos`
--

LOCK TABLES `tb_adiantamentos` WRITE;
/*!40000 ALTER TABLE `tb_adiantamentos` DISABLE KEYS */;
INSERT INTO `tb_adiantamentos` VALUES (1,2,8,2620.55,'2017-12-12','0003OB2017',1000.00,1500.55,120.00,142.88,'2017-12-21','2017-12-12',1),(3,3,8,9100.00,'2017-12-12','7000OB2017',5000.00,4000.00,100.00,5850.00,'2017-12-13','2017-12-12',1);
/*!40000 ALTER TABLE `tb_adiantamentos` ENABLE KEYS */;
UNLOCK TABLES;

--
-- Table structure for table `tb_classificacao_contabil_rma`
--

DROP TABLE IF EXISTS `tb_classificacao_contabil_rma`;
/*!40101 SET @saved_cs_client     = @@character_set_client */;
/*!40101 SET character_set_client = utf8 */;
CREATE TABLE `tb_classificacao_contabil_rma` (
  `ID` int(11) NOT NULL AUTO_INCREMENT,
  `NM_CLASSIFICACAO_CONTABIL` varchar(255) NOT NULL,
  `NM_DENOMINACAO` varchar(255) NOT NULL,
  PRIMARY KEY (`ID`)
) ENGINE=InnoDB AUTO_INCREMENT=12 DEFAULT CHARSET=utf8 ROW_FORMAT=COMPACT;
/*!40101 SET character_set_client = @saved_cs_client */;

--
-- Dumping data for table `tb_classificacao_contabil_rma`
--

LOCK TABLES `tb_classificacao_contabil_rma` WRITE;
/*!40000 ALTER TABLE `tb_classificacao_contabil_rma` DISABLE KEYS */;
INSERT INTO `tb_classificacao_contabil_rma` VALUES (1,'3.3.3.9.0.30.07','GÊNERO ALIMENTICIO\r\n\r\n'),(2,'3.3.3.9.030.16','EXPEDIENTE'),(3,'3.3.3.9.0.30.17','PROCESSAMENTO DE DADOS'),(4,'3.3.3.9.0.30.22','LIMPEZA E PROD. HIGIENIZAÇÃO'),(5,'3.3.3.9.0.30.26','ELETRO E ELETRÔNICO'),(6,'3.3.3.9.0.30.28','PROTEÇÃO E SEGURANÇA'),(7,'3.3.3.9.0.30.21','COPA E COZINHA'),(8,'3.3.3.9.0.30.23','UNIFORMES,TECIDOS E AVIAMENTOS'),(9,'3.3.3.9.0.30.30','MATERIAL PARA COMUNICAÇÕES'),(10,'3.3.3.9.0.30.44','MATERIAL DE SINALIZAÇÃO VISUAL E OUTROS'),(11,'3.3.3.9.030.35','MATERIAL DE LABORATÓRIO');
/*!40000 ALTER TABLE `tb_classificacao_contabil_rma` ENABLE KEYS */;
UNLOCK TABLES;

--
-- Table structure for table `tb_classificacao_contabil_rmb`
--

DROP TABLE IF EXISTS `tb_classificacao_contabil_rmb`;
/*!40101 SET @saved_cs_client     = @@character_set_client */;
/*!40101 SET character_set_client = utf8 */;
CREATE TABLE `tb_classificacao_contabil_rmb` (
  `ID` int(11) NOT NULL AUTO_INCREMENT,
  `NM_CLASSIFICACAO_CONTABIL` varchar(255) NOT NULL,
  `NM_DENOMINACAO` varchar(255) NOT NULL,
  PRIMARY KEY (`ID`)
) ENGINE=InnoDB AUTO_INCREMENT=13 DEFAULT CHARSET=utf8 ROW_FORMAT=COMPACT;
/*!40101 SET character_set_client = @saved_cs_client */;

--
-- Dumping data for table `tb_classificacao_contabil_rmb`
--

LOCK TABLES `tb_classificacao_contabil_rmb` WRITE;
/*!40000 ALTER TABLE `tb_classificacao_contabil_rmb` DISABLE KEYS */;
INSERT INTO `tb_classificacao_contabil_rmb` VALUES (1,'1.2.3.1.1.01.06','APARELHOS E EQUIPAMENTOS DE COMUNICAÇÃO'),(2,'1.2.3.1.1.01.30','MÁQUINAS E EQUIPAMENTOS ENERGÉTICOS'),(3,'1.2.3.1.1.01.32','MÁQUINAS E EQUIPAMENTOS GRÁFICOS'),(4,'1.2.3.1.1.01.39','EQUIPAMENTOS E UTENSÍLIOS HIDRÁULICOS E ELÉTRICOS'),(5,'1.2.3.1.1.02.35','EQUIPAMENTOS DE PROCESSAMENTO DE DADOS'),(6,'1.2.3.1.1.03.12','APARELHOS E UTENSÍLIOS DOMÉSTICOS'),(7,'1.2.3.1.1.03.34','MÁQUINAS UTENSÍLIOS E EQUIPAMENTOS DIVERSOS'),(8,'1.2.3.1.1.03.36','MÁQUINAS E UTENSÍLIOS DE ESCRITÓRIO'),(9,'1.2.3.1.1.03.42','MOBILIÁRIO EM GERAL'),(10,'1.2.3.1.1.04.18','COLEÇÕES E MATERIAIS BIBLIOGRÁFICOS'),(11,'1.2.3.1.1.04.33','EQUIPAMENTOS PARA ÁUDIO VÍDEO E FOTO'),(12,'1.2.3.1.1.99.51','PEÇAS NAO INCORPORÁVEIS A IMÓVEIS');
/*!40000 ALTER TABLE `tb_classificacao_contabil_rmb` ENABLE KEYS */;
UNLOCK TABLES;

--
-- Table structure for table `tb_combustivel`
--

DROP TABLE IF EXISTS `tb_combustivel`;
/*!40101 SET @saved_cs_client     = @@character_set_client */;
/*!40101 SET character_set_client = utf8 */;
CREATE TABLE `tb_combustivel` (
  `ID` int(11) NOT NULL AUTO_INCREMENT,
  `ID_VEICULO` int(11) NOT NULL,
  `DT_ABASTECIMENTO` date NOT NULL,
  `NR_TOTAL_LITROS_ABASTECIDOS` decimal(10,2) NOT NULL,
  `VL_LITRO_ABASTECIDO` decimal(10,2) NOT NULL,
  `NR_COTA_SEMANAL` decimal(10,2) NOT NULL,
  `DT_ULTIMA_ATUALIZACAO` date NOT NULL,
  `ID_SERVIDOR_ATUALIZOU` int(11) NOT NULL,
  PRIMARY KEY (`ID`),
  KEY `ID_VEICULO` (`ID_VEICULO`),
  KEY `ID_SERVIDOR_ATUALIZOU` (`ID_SERVIDOR_ATUALIZOU`),
  CONSTRAINT `tb_combustivel_ibfk_1` FOREIGN KEY (`ID_VEICULO`) REFERENCES `tb_veiculos` (`ID`),
  CONSTRAINT `tb_combustivel_ibfk_2` FOREIGN KEY (`ID_SERVIDOR_ATUALIZOU`) REFERENCES `tb_servidores` (`ID`)
) ENGINE=InnoDB AUTO_INCREMENT=2 DEFAULT CHARSET=utf8;
/*!40101 SET character_set_client = @saved_cs_client */;

--
-- Dumping data for table `tb_combustivel`
--

LOCK TABLES `tb_combustivel` WRITE;
/*!40000 ALTER TABLE `tb_combustivel` DISABLE KEYS */;
INSERT INTO `tb_combustivel` VALUES (1,1,'2017-12-15',25.00,3.98,56.00,'2017-12-15',1);
/*!40000 ALTER TABLE `tb_combustivel` ENABLE KEYS */;
UNLOCK TABLES;

--
-- Table structure for table `tb_contratos`
--

DROP TABLE IF EXISTS `tb_contratos`;
/*!40101 SET @saved_cs_client     = @@character_set_client */;
/*!40101 SET character_set_client = utf8 */;
CREATE TABLE `tb_contratos` (
  `ID` int(11) NOT NULL AUTO_INCREMENT,
  `ID_EMPRESA` int(11) NOT NULL,
  `ID_ORGAO` int(11) NOT NULL,
  `ID_SERVIDOR_GESTOR` int(11) NOT NULL,
  `NM_OBJETO` varchar(255) NOT NULL,
  `NM_MODALIDADE` varchar(255) NOT NULL,
  `NM_PROCESSO` varchar(255) NOT NULL,
  `NM_VINCULACAO` varchar(255) NOT NULL,
  `DT_ASSINATURA` date NOT NULL,
  `DT_INICIO` date NOT NULL,
  `DT_PUBLICACAO` date NOT NULL,
  `DT_TERMINO` date NOT NULL,
  `NM_NUMERO_CONTRATO` varchar(255) NOT NULL,
  `NM_NUMERO_CONTRATO_SIAFI` varchar(255) DEFAULT NULL,
  `VL_GLOBAL` decimal(10,2) NOT NULL,
  `VL_EMPENHADO` decimal(10,2) NOT NULL,
  `VL_LIQUIDADO` decimal(10,2) NOT NULL,
  `VL_PAGO` decimal(10,2) NOT NULL,
  `BL_PRORROGAVEL` tinyint(1) NOT NULL,
  `NR_TERMO_ADITIVO` int(11) NOT NULL,
  `DT_ULTIMA_ATUALIZACAO` date NOT NULL,
  `ID_SERVIDOR_ATUALIZOU` int(11) NOT NULL,
  `NM_STATUS` enum('ATIVO','INATIVO') NOT NULL DEFAULT 'ATIVO',
  PRIMARY KEY (`ID`),
  KEY `ID_EMPRESA` (`ID_EMPRESA`),
  KEY `ID_ORGAO` (`ID_ORGAO`),
  KEY `ID_SERVIDOR_ATUALIZOU` (`ID_SERVIDOR_ATUALIZOU`),
  KEY `ID_SERVIDOR_GESTOR` (`ID_SERVIDOR_GESTOR`),
  CONSTRAINT `tb_contratos_ibfk_1` FOREIGN KEY (`ID_EMPRESA`) REFERENCES `tb_empresas` (`ID`),
  CONSTRAINT `tb_contratos_ibfk_2` FOREIGN KEY (`ID_ORGAO`) REFERENCES `tb_orgaos` (`ID`),
  CONSTRAINT `tb_contratos_ibfk_3` FOREIGN KEY (`ID_SERVIDOR_ATUALIZOU`) REFERENCES `tb_servidores` (`ID`),
  CONSTRAINT `tb_contratos_ibfk_4` FOREIGN KEY (`ID_SERVIDOR_GESTOR`) REFERENCES `tb_servidores` (`ID`)
) ENGINE=InnoDB AUTO_INCREMENT=29 DEFAULT CHARSET=utf8;
/*!40101 SET character_set_client = @saved_cs_client */;

--
-- Dumping data for table `tb_contratos`
--

LOCK TABLES `tb_contratos` WRITE;
/*!40000 ALTER TABLE `tb_contratos` DISABLE KEYS */;
INSERT INTO `tb_contratos` VALUES (28,4,6,2,'QEWEQWEQ','CONCORRÊNCIA','00000 000000/0000','SDASDASD','2018-01-05','2018-01-12','2018-01-11','2018-01-30','222222222/2222',NULL,120.00,119.00,118.00,15.00,0,22,'2018-01-10',1,'ATIVO');
/*!40000 ALTER TABLE `tb_contratos` ENABLE KEYS */;
UNLOCK TABLES;

--
-- Table structure for table `tb_convenios`
--

DROP TABLE IF EXISTS `tb_convenios`;
/*!40101 SET @saved_cs_client     = @@character_set_client */;
/*!40101 SET character_set_client = utf8 */;
CREATE TABLE `tb_convenios` (
  `ID` int(11) NOT NULL AUTO_INCREMENT,
  `ID_ORGAO` int(11) NOT NULL,
  `NM_TIPO` varchar(255) NOT NULL,
  `NM_CONCEDENTE` varchar(255) NOT NULL,
  `NM_CONVENENTE` varchar(255) NOT NULL,
  `BL_FECOEP` tinyint(1) NOT NULL,
  `NM_OBJETO` varchar(255) NOT NULL,
  `DT_INICIO` date NOT NULL,
  `DT_TERMINO` date NOT NULL,
  `NM_NUMERO_SIAFE` varchar(255) DEFAULT NULL,
  `NM_NUMERO_SICONV` varchar(255) DEFAULT NULL,
  `NM_NUMERO_SIAFI` varchar(255) DEFAULT NULL,
  `VL_PARTIDA_TOTAL` decimal(10,2) NOT NULL,
  `VL_PARTIDA_LIBERADO` decimal(10,2) NOT NULL,
  `VL_CONTRAPARTIDA_TOTAL` decimal(10,2) NOT NULL,
  `VL_CONTRAPARTIDA_LIBERADO` decimal(10,2) NOT NULL,
  `VL_ADITIVO_PARTIDA` decimal(10,2) DEFAULT NULL,
  `VL_ADITIVO_CONTRAPARTIDA` decimal(10,2) DEFAULT NULL,
  `DT_ULTIMA_LIBERACAO` date NOT NULL,
  `DT_PRORROGACAO` date NOT NULL,
  `DT_PRESTACAO_CONTAS` date NOT NULL,
  `DT_ULTIMA_ATUALIZACAO` date NOT NULL,
  `ID_SERVIDOR_ATUALIZOU` int(11) NOT NULL,
  `NM_STATUS` enum('ATIVO','INATIVO') NOT NULL DEFAULT 'ATIVO',
  PRIMARY KEY (`ID`),
  KEY `ID_ORGAO_CONVENENTE` (`ID_ORGAO`),
  KEY `ID_SERVIDOR_ATUALIZOU` (`ID_SERVIDOR_ATUALIZOU`),
  CONSTRAINT `tb_convenios_ibfk_1` FOREIGN KEY (`ID_ORGAO`) REFERENCES `tb_orgaos` (`ID`),
  CONSTRAINT `tb_convenios_ibfk_2` FOREIGN KEY (`ID_SERVIDOR_ATUALIZOU`) REFERENCES `tb_servidores` (`ID`)
) ENGINE=InnoDB AUTO_INCREMENT=17 DEFAULT CHARSET=utf8;
/*!40101 SET character_set_client = @saved_cs_client */;

--
-- Dumping data for table `tb_convenios`
--

LOCK TABLES `tb_convenios` WRITE;
/*!40000 ALTER TABLE `tb_convenios` DISABLE KEYS */;
INSERT INTO `tb_convenios` VALUES (14,8,'CONVÊNIO','CONCEDENTE','CONVENENTE',1,'REFORMA DA CGE','2018-01-01','2018-05-01','11111111','2222222','3333333',10000.00,5000.00,20000.00,10000.00,1000.00,2000.00,'2018-01-11','2018-09-01','2018-07-01','2018-01-10',3,'INATIVO');
/*!40000 ALTER TABLE `tb_convenios` ENABLE KEYS */;
UNLOCK TABLES;

--
-- Table structure for table `tb_correicao`
--

DROP TABLE IF EXISTS `tb_correicao`;
/*!40101 SET @saved_cs_client     = @@character_set_client */;
/*!40101 SET character_set_client = utf8 */;
CREATE TABLE `tb_correicao` (
  `ID` int(11) NOT NULL AUTO_INCREMENT,
  `ID_ORGAO` int(11) NOT NULL,
  `NM_NUMERO_PORTARIA` varchar(255) NOT NULL,
  `DT_PUBLICACAO_PORTARIA` date NOT NULL,
  `NM_TIPO_PROCEDIMENTO` enum('SINDICANCIA ADMINISTRATIVA','PROCESSO ADMINISTRATIVO DISCIPLINAR') NOT NULL,
  `NM_NUMERO_PROCESSO` varchar(255) NOT NULL,
  `DT_INSTAURACAO` date NOT NULL,
  `NM_SITUACAO` varchar(255) NOT NULL,
  `NM_NUMERO_DECRETO` varchar(255) NOT NULL,
  `DT_PUBLICACAO_DECRETO` date NOT NULL,
  `NM_PENALIDADE` enum('ARQUIVAMENTO DE PROCESSO','APLICACAO DE PENALIDADE E ADVERTENCIA, OU SUSPENSAO ATE 30 DIAS','INSTAURACAO DE UM PAD','ADVERTENCIA','SUSPENSAO','DEMISSAO','CASSSACAO DE APOSENTADORIA OU DISPONIBILIDADE','DESTITUICAO DE FUNCAO COMISSIONADA') NOT NULL,
  `NM_MOTIVO` varchar(255) NOT NULL,
  `NM_CARGO_OCUPADO` varchar(255) NOT NULL,
  `DT_ULTIMA_ATUALIZACAO` date NOT NULL,
  `ID_SERVIDOR_ATUALIZOU` int(11) NOT NULL,
  PRIMARY KEY (`ID`),
  KEY `ID_ORGAO` (`ID_ORGAO`),
  KEY `ID_SERVIDOR_ATUALIZOU` (`ID_SERVIDOR_ATUALIZOU`),
  CONSTRAINT `tb_correicao_ibfk_1` FOREIGN KEY (`ID_ORGAO`) REFERENCES `tb_orgaos` (`ID`),
  CONSTRAINT `tb_correicao_ibfk_3` FOREIGN KEY (`ID_SERVIDOR_ATUALIZOU`) REFERENCES `tb_servidores` (`ID`)
) ENGINE=InnoDB DEFAULT CHARSET=utf8;
/*!40101 SET character_set_client = @saved_cs_client */;

--
-- Dumping data for table `tb_correicao`
--

LOCK TABLES `tb_correicao` WRITE;
/*!40000 ALTER TABLE `tb_correicao` DISABLE KEYS */;
/*!40000 ALTER TABLE `tb_correicao` ENABLE KEYS */;
UNLOCK TABLES;

--
-- Table structure for table `tb_despesas`
--

DROP TABLE IF EXISTS `tb_despesas`;
/*!40101 SET @saved_cs_client     = @@character_set_client */;
/*!40101 SET character_set_client = utf8 */;
CREATE TABLE `tb_despesas` (
  `ID` int(11) NOT NULL AUTO_INCREMENT,
  `ID_ORGAO` int(11) NOT NULL,
  `ID_DESPESA` int(11) NOT NULL,
  `NR_MES` int(2) NOT NULL,
  `NR_ANO` year(4) NOT NULL,
  `DS_DESPESA` varchar(255) NOT NULL,
  `VL_DESPESA` decimal(20,2) NOT NULL,
  `DT_ULTIMA_ATUALIZACAO` date NOT NULL,
  `ID_SERVIDOR_ATUALIZOU` int(11) NOT NULL,
  PRIMARY KEY (`ID`),
  KEY `ID_ORGAO` (`ID_ORGAO`),
  KEY `ID_DESPESA` (`ID_DESPESA`),
  KEY `ID_SERVIDOR_ATUALIZOU` (`ID_SERVIDOR_ATUALIZOU`),
  CONSTRAINT `tb_despesas_ibfk_1` FOREIGN KEY (`ID_ORGAO`) REFERENCES `tb_orgaos` (`ID`),
  CONSTRAINT `tb_despesas_ibfk_2` FOREIGN KEY (`ID_DESPESA`) REFERENCES `tb_tipos_despesas` (`ID`),
  CONSTRAINT `tb_despesas_ibfk_3` FOREIGN KEY (`ID_SERVIDOR_ATUALIZOU`) REFERENCES `tb_servidores` (`ID`)
) ENGINE=InnoDB AUTO_INCREMENT=12 DEFAULT CHARSET=utf8 ROW_FORMAT=COMPACT;
/*!40101 SET character_set_client = @saved_cs_client */;

--
-- Dumping data for table `tb_despesas`
--

LOCK TABLES `tb_despesas` WRITE;
/*!40000 ALTER TABLE `tb_despesas` DISABLE KEYS */;
INSERT INTO `tb_despesas` VALUES (10,8,46,1,2018,'SALáRIOS',2000.00,'2018-01-04',1),(11,8,20,1,2018,'EMPRESA X',650.00,'2018-01-04',1);
/*!40000 ALTER TABLE `tb_despesas` ENABLE KEYS */;
UNLOCK TABLES;

--
-- Table structure for table `tb_diarias`
--

DROP TABLE IF EXISTS `tb_diarias`;
/*!40101 SET @saved_cs_client     = @@character_set_client */;
/*!40101 SET character_set_client = utf8 */;
CREATE TABLE `tb_diarias` (
  `ID` int(11) NOT NULL AUTO_INCREMENT,
  `ID_SERVIDOR_BENEFICIARIO` int(11) NOT NULL,
  `ID_ORGAO` int(11) NOT NULL,
  `NM_DESTINO` varchar(255) NOT NULL,
  `NM_OBJETIVO` varchar(255) NOT NULL,
  `NM_MEIO_TRANSPORTE` varchar(255) NOT NULL,
  `DT_INICIO` date NOT NULL,
  `NR_DIARIAS` decimal(10,2) NOT NULL,
  `NM_TIPO` varchar(255) NOT NULL,
  `VL_PAGO` decimal(10,2) NOT NULL,
  `NM_NUMERO_PORTARIA` varchar(255) NOT NULL,
  `DT_PUBLICACAO` date NOT NULL,
  `DT_PRESTACAO_CONTADT_PRESTACAO_CONTAS` date NOT NULL,
  `DT_ULTIMA_ATUALIZACAO` date NOT NULL,
  `ID_SERVIDOR_ATUALIZOU` int(11) NOT NULL,
  PRIMARY KEY (`ID`),
  KEY `ID_ORGAO` (`ID_ORGAO`),
  KEY `ID_SERVIDOR_BENEFICIARIO` (`ID_SERVIDOR_BENEFICIARIO`),
  KEY `ID_SERVIDOR_ATUALIZOU` (`ID_SERVIDOR_ATUALIZOU`),
  CONSTRAINT `tb_diarias_ibfk_1` FOREIGN KEY (`ID_ORGAO`) REFERENCES `tb_orgaos` (`ID`),
  CONSTRAINT `tb_diarias_ibfk_2` FOREIGN KEY (`ID_SERVIDOR_BENEFICIARIO`) REFERENCES `tb_servidores` (`ID`),
  CONSTRAINT `tb_diarias_ibfk_3` FOREIGN KEY (`ID_SERVIDOR_ATUALIZOU`) REFERENCES `tb_servidores` (`ID`)
) ENGINE=InnoDB AUTO_INCREMENT=17 DEFAULT CHARSET=utf8;
/*!40101 SET character_set_client = @saved_cs_client */;

--
-- Dumping data for table `tb_diarias`
--

LOCK TABLES `tb_diarias` WRITE;
/*!40000 ALTER TABLE `tb_diarias` DISABLE KEYS */;
INSERT INTO `tb_diarias` VALUES (16,2,8,'SãO PAULO - SP','ODP','AEREO','2017-03-01',18.00,'B2',4620.00,'3231212/2017','2017-02-28','0000-00-00','2017-11-24',2);
/*!40000 ALTER TABLE `tb_diarias` ENABLE KEYS */;
UNLOCK TABLES;

--
-- Table structure for table `tb_empresas`
--

DROP TABLE IF EXISTS `tb_empresas`;
/*!40101 SET @saved_cs_client     = @@character_set_client */;
/*!40101 SET character_set_client = utf8 */;
CREATE TABLE `tb_empresas` (
  `ID` int(11) NOT NULL AUTO_INCREMENT,
  `NM_EMPRESA` varchar(255) NOT NULL,
  `CD_EMPRESA` varchar(18) NOT NULL,
  PRIMARY KEY (`ID`)
) ENGINE=InnoDB AUTO_INCREMENT=5 DEFAULT CHARSET=utf8;
/*!40101 SET character_set_client = @saved_cs_client */;

--
-- Dumping data for table `tb_empresas`
--

LOCK TABLES `tb_empresas` WRITE;
/*!40000 ALTER TABLE `tb_empresas` DISABLE KEYS */;
INSERT INTO `tb_empresas` VALUES (3,'CONSERG/EMPR PROM DE SERV TERC. E OBRAS ENG.','02.297.645/0001-63'),(4,'FLORAM ENGENHARIA E MEIO AMBIENTE LTDA - EPP','02.479.401/0001-00');
/*!40000 ALTER TABLE `tb_empresas` ENABLE KEYS */;
UNLOCK TABLES;

--
-- Table structure for table `tb_grupos`
--

DROP TABLE IF EXISTS `tb_grupos`;
/*!40101 SET @saved_cs_client     = @@character_set_client */;
/*!40101 SET character_set_client = utf8 */;
CREATE TABLE `tb_grupos` (
  `ID` int(11) NOT NULL AUTO_INCREMENT,
  `NM_GRUPO` varchar(255) NOT NULL,
  `NM_NIVEL` varchar(255) NOT NULL,
  PRIMARY KEY (`ID`)
) ENGINE=InnoDB AUTO_INCREMENT=85 DEFAULT CHARSET=utf8;
/*!40101 SET character_set_client = @saved_cs_client */;

--
-- Dumping data for table `tb_grupos`
--

LOCK TABLES `tb_grupos` WRITE;
/*!40000 ALTER TABLE `tb_grupos` DISABLE KEYS */;
INSERT INTO `tb_grupos` VALUES (1,'I','CGGC'),(2,'I','DG'),(3,'I','RE'),(4,'I','SE'),(5,'I','SEES'),(6,'I','DGA'),(7,'I','DIP'),(8,'I','GTR-1'),(9,'I','PG'),(10,'I','PJC'),(11,'I','SEE'),(12,'I','VRE'),(13,'II','SUP-S'),(14,'II','ASEG'),(15,'II','SUP-1'),(16,'II','AEG-1'),(17,'II','ASEC'),(18,'II','CCE'),(19,'II','DIRE'),(20,'II','PGA'),(21,'II','SUP-2'),(22,'II','ASE-1'),(23,'II','COE-1'),(24,'II','GERE'),(25,'II','ATE'),(26,'II','CHG'),(27,'II','CRG'),(28,'II','CRG-1'),(29,'II','GTR-3'),(30,'II','SUP-3'),(31,'II','VPJC'),(32,'II','ASCI'),(33,'II','AGC'),(34,'II','ACI-1'),(35,'II','AEG-2'),(36,'II','ASE-2'),(37,'II','ASSE-2'),(38,'II','DCSP'),(39,'II','PRE-1'),(40,'II','SGJC'),(41,'II','AG'),(42,'II','AGT'),(43,'II','ASSUP'),(44,'II','AEG-3'),(45,'II','ASE-3'),(46,'II','COJ'),(47,'II','COS-1'),(48,'II','GER'),(49,'II','CRG-2'),(50,'II','OUV-1'),(51,'II','PRE-2'),(52,'II','Efetivo Ocupante de Cargo de Nível Superior'),(53,'II','Membro de Órgão Colegiado Integrante do Poder Executivo'),(54,'III','AE'),(55,'III','ASSI'),(56,'III','ASSP'),(57,'III','ASTTE'),(58,'III','AGG'),(59,'III','ASC-1'),(60,'III','ASSC'),(61,'III','ASTT'),(62,'III','ACI-2'),(63,'III','ASUNC-1'),(64,'III','DCE'),(65,'III','OUV-2'),(66,'III','SUPE'),(67,'III','AS-1'),(68,'III','OUV-3'),(69,'III','AST-1'),(70,'III','AS-2'),(71,'III','AST-2'),(72,'III','ASUNC-2'),(73,'III','CRG-3'),(74,'III','AAG'),(75,'III','AGES'),(76,'III','ASA'),(77,'IV','AS-3'),(78,'IV','AST-3'),(79,'IV','AGS'),(80,'IV','AS-4'),(81,'IV','AST-4'),(82,'IV','ASTI'),(83,'IV','Efetivo Ocupante de Cargo de Nível Médio e Elementar'),(84,'sem grupo','sem nível');
/*!40000 ALTER TABLE `tb_grupos` ENABLE KEYS */;
UNLOCK TABLES;

--
-- Table structure for table `tb_lai`
--

DROP TABLE IF EXISTS `tb_lai`;
/*!40101 SET @saved_cs_client     = @@character_set_client */;
/*!40101 SET character_set_client = utf8 */;
CREATE TABLE `tb_lai` (
  `ID` int(11) NOT NULL AUTO_INCREMENT,
  `ID_ORGAO` int(11) NOT NULL,
  `NM_NUMERO_PROCESSO` varchar(255) NOT NULL,
  `NM_NUMERO_PROTOCOLO` varchar(255) NOT NULL,
  `NM_CANAL_ACESSO` enum('FISICO','TELEFONE','SITE','') NOT NULL,
  `NM_ASSUNTO` varchar(255) NOT NULL,
  `DT_ABERTURA_PROCESSO` date NOT NULL,
  `DT_RECEBIMENTO_SOLICITACAO` date NOT NULL,
  `DT_FINAL_EXPEDICAO_RESPOSTA` date NOT NULL,
  `DT_PRORROGACAO` date NOT NULL,
  `DT_ENVIO_RESPOSTA` date NOT NULL,
  `DT_FINAL_RECEBIMENTO_RECURSO` date NOT NULL,
  `NM_TIPO_PESSOA` enum('PESSOA FISICA','PESSOA JURIDICA','','') NOT NULL,
  `ID_UF` int(11) NOT NULL,
  `NM_SITUACAO` varchar(255) NOT NULL,
  `DT_ULTIMA_ATUALIZACAO` date NOT NULL,
  `ID_SERVIDOR_ATUALIZOU` int(11) NOT NULL,
  PRIMARY KEY (`ID`),
  KEY `ID_ORGAO` (`ID_ORGAO`),
  KEY `ID_SERVIDOR_ATUALIZOU` (`ID_SERVIDOR_ATUALIZOU`),
  KEY `ID_UF` (`ID_UF`),
  CONSTRAINT `tb_lai_ibfk_1` FOREIGN KEY (`ID_ORGAO`) REFERENCES `tb_orgaos` (`ID`),
  CONSTRAINT `tb_lai_ibfk_2` FOREIGN KEY (`ID_SERVIDOR_ATUALIZOU`) REFERENCES `tb_servidores` (`ID`),
  CONSTRAINT `tb_lai_ibfk_3` FOREIGN KEY (`ID_UF`) REFERENCES `tb_uf` (`ID`)
) ENGINE=InnoDB AUTO_INCREMENT=4 DEFAULT CHARSET=utf8;
/*!40101 SET character_set_client = @saved_cs_client */;

--
-- Dumping data for table `tb_lai`
--

LOCK TABLES `tb_lai` WRITE;
/*!40000 ALTER TABLE `tb_lai` DISABLE KEYS */;
INSERT INTO `tb_lai` VALUES (2,8,'111111','2222222','FISICO','ASSUNTO DA LAI','2017-12-01','2017-12-03','2017-12-05','2017-12-07','2017-12-09','2017-12-17','PESSOA FISICA',18,'SITUAçãO DO SOLICITANTE','2018-01-02',3),(3,8,'1213234134','2222222','FISICO','ASSUNTO DA LAI','2018-01-04','2018-01-20','2018-01-30','2018-01-31','2018-02-03','2018-02-15','PESSOA FISICA',20,'SITUAçãO DO SOLICITANTE','2018-01-02',3);
/*!40000 ALTER TABLE `tb_lai` ENABLE KEYS */;
UNLOCK TABLES;

--
-- Table structure for table `tb_lai_pedidos`
--

DROP TABLE IF EXISTS `tb_lai_pedidos`;
/*!40101 SET @saved_cs_client     = @@character_set_client */;
/*!40101 SET character_set_client = utf8 */;
CREATE TABLE `tb_lai_pedidos` (
  `ID` int(11) NOT NULL AUTO_INCREMENT,
  `ID_ORGAO` int(11) NOT NULL,
  `NR_TOTAL_PEDIDOS_CLASSIFICACAO_INFORMACAO` int(11) NOT NULL,
  `NR_TOTAL_PEDIDOS_DESCLASSIFICACAO_INFORMACAO` int(11) NOT NULL,
  `NR_TOTAL_PEDIDOS_REAVALIACAO_INFORMACAO` int(11) NOT NULL,
  `NR_TOTAL_PEDIDOS_ATENDIDOS` int(11) NOT NULL,
  `NR_TOTAL_PEDIDOS_NAO_ATENDIDOS` int(11) NOT NULL,
  `NR_TOTAL_PEDIDOS_INDEFERIDOS` int(11) NOT NULL,
  `NR_MES` int(2) NOT NULL,
  `NR_ANO` year(4) NOT NULL,
  `DT_ULTIMA_ATUALIZACAO` date NOT NULL,
  `ID_SERVIDOR_ATUALIZOU` int(11) NOT NULL,
  PRIMARY KEY (`ID`),
  KEY `ID_ORGAO` (`ID_ORGAO`),
  KEY `ID_SERVIDOR_ATUALIZOU` (`ID_SERVIDOR_ATUALIZOU`),
  CONSTRAINT `tb_lai_pedidos_ibfk_1` FOREIGN KEY (`ID_ORGAO`) REFERENCES `tb_orgaos` (`ID`),
  CONSTRAINT `tb_lai_pedidos_ibfk_2` FOREIGN KEY (`ID_SERVIDOR_ATUALIZOU`) REFERENCES `tb_servidores` (`ID`)
) ENGINE=InnoDB AUTO_INCREMENT=5 DEFAULT CHARSET=utf8;
/*!40101 SET character_set_client = @saved_cs_client */;

--
-- Dumping data for table `tb_lai_pedidos`
--

LOCK TABLES `tb_lai_pedidos` WRITE;
/*!40000 ALTER TABLE `tb_lai_pedidos` DISABLE KEYS */;
INSERT INTO `tb_lai_pedidos` VALUES (1,2,5,6,7,10,5,1,1,2018,'2018-01-01',1),(2,2,2,4,5,6,7,2,2,2018,'2018-01-01',1),(4,8,11,12,13,14,15,16,1,2018,'2018-01-03',3);
/*!40000 ALTER TABLE `tb_lai_pedidos` ENABLE KEYS */;
UNLOCK TABLES;

--
-- Table structure for table `tb_obras`
--

DROP TABLE IF EXISTS `tb_obras`;
/*!40101 SET @saved_cs_client     = @@character_set_client */;
/*!40101 SET character_set_client = utf8 */;
CREATE TABLE `tb_obras` (
  `ID` int(11) NOT NULL AUTO_INCREMENT,
  `ID_ORGAO` int(11) NOT NULL,
  `NM_DENOMINACAO_OBRA` enum('CONSTRUÇÃO','REFORMA','AMPLIAÇÃO','') NOT NULL,
  `NM_OBJETO` varchar(255) NOT NULL,
  `NM_LOCAL` varchar(255) NOT NULL,
  `DT_INICIO` date NOT NULL,
  `DT_TERMINO` date NOT NULL,
  `NM_STATUS` varchar(255) NOT NULL,
  `NM_PERCENTUAL_EXECUCAO` varchar(255) NOT NULL,
  `DT_REFERENCIA_EXECUCAO` date NOT NULL,
  `NM_BENEFICIARIOS` varchar(255) NOT NULL,
  `ID_CONTRATO` int(11) NOT NULL,
  `VL_OBRA` decimal(10,2) NOT NULL,
  `NM_ORIGEM_RECURSOS` varchar(255) NOT NULL,
  `DT_ULTIMA_ATUALIZACAO` date NOT NULL,
  `ID_SERVIDOR_ATUALIZOU` int(11) NOT NULL,
  PRIMARY KEY (`ID`),
  KEY `ID_ORGAO` (`ID_ORGAO`),
  KEY `ID_CONTRATO` (`ID_CONTRATO`),
  KEY `ID_SERVIDOR_ATUALIZOU` (`ID_SERVIDOR_ATUALIZOU`),
  CONSTRAINT `tb_obras_ibfk_1` FOREIGN KEY (`ID_ORGAO`) REFERENCES `tb_orgaos` (`ID`),
  CONSTRAINT `tb_obras_ibfk_2` FOREIGN KEY (`ID_CONTRATO`) REFERENCES `tb_contratos` (`ID`),
  CONSTRAINT `tb_obras_ibfk_3` FOREIGN KEY (`ID_SERVIDOR_ATUALIZOU`) REFERENCES `tb_servidores` (`ID`)
) ENGINE=InnoDB AUTO_INCREMENT=9 DEFAULT CHARSET=utf8;
/*!40101 SET character_set_client = @saved_cs_client */;

--
-- Dumping data for table `tb_obras`
--

LOCK TABLES `tb_obras` WRITE;
/*!40000 ALTER TABLE `tb_obras` DISABLE KEYS */;
/*!40000 ALTER TABLE `tb_obras` ENABLE KEYS */;
UNLOCK TABLES;

--
-- Table structure for table `tb_orgaos`
--

DROP TABLE IF EXISTS `tb_orgaos`;
/*!40101 SET @saved_cs_client     = @@character_set_client */;
/*!40101 SET character_set_client = utf8 */;
CREATE TABLE `tb_orgaos` (
  `ID` int(6) NOT NULL AUTO_INCREMENT,
  `CD_ORGAO` varchar(10) NOT NULL,
  `UG_ORGAO` int(11) DEFAULT NULL,
  `NM_ORGAO` varchar(100) NOT NULL,
  PRIMARY KEY (`ID`)
) ENGINE=InnoDB AUTO_INCREMENT=60 DEFAULT CHARSET=utf8;
/*!40101 SET character_set_client = @saved_cs_client */;

--
-- Dumping data for table `tb_orgaos`
--

LOCK TABLES `tb_orgaos` WRITE;
/*!40000 ALTER TABLE `tb_orgaos` DISABLE KEYS */;
INSERT INTO `tb_orgaos` VALUES (1,'ADEAL',520555,'AGÊNCIA DE DEFESA E INSPEÇÃO AGROPECUÁRIA DE ALAGOAS'),(2,'DESENVOLVE',250505,'AGENCIA DE FOMENTO DE ALAGOAS'),(3,'AMGESP',410548,'AGÊNCIA DE MODERNIZAÇÃO DA GESTÃO DE PROCESSOS '),(4,'ARSAL',410504,'AGÊNCIA REGULADORA DE SERVIÇOS PÚBLICOS DO ESTADO DE ALAGOAS'),(6,'AL-PREV',130569,'ALAGOAS PREVIDÊNCIA'),(7,'CARHP',410510,'COMPANHIA ALAGOANA DE RECURSOS HUMANOS E PATRIMONIAIS'),(8,'CGE',110008,'CONTROLADORIA GERAL DO ESTADO'),(9,'CBMAL',540036,'CORPO DE BOMBEIROS MILITAR DE ALAGOAS'),(11,'DER',530538,'DEPARTAMENTO DE ESTRADAS DE RODAGEM DE ALAGOAS'),(12,'DETRAN',410512,'DEPARTAMENTO ESTADUAL DE TRÂNSITO DE ALAGOAS'),(13,'DITEAL',510520,'DIRETORIA DE TEATROS DO ESTADO DE ALAGOAS '),(14,'FAPEAL',510514,'FUNDAÇÃO DE AMPARO À PESQUISA DE ALAGOAS'),(15,'GCG',110006,'GABINETE CIVIL DO GOVERNADOR'),(16,'GVG',210013,'GABINETE DO VICE GOVERNADOR'),(18,'IPASEAL',510551,'INSTITUTO DE ASSISTÊNCIA À SAÚDE DOS SERVIDORES DO ESTADO DE ALAGOAS'),(19,'IDERAL',140566,'INSTITUTO DE DESENVOLVIMENTO RURAL E ABASTECIMENTO DE ALAGOAS '),(20,'EMATER',140566,'INSTITUTO DE INOVAÇÃO PARA O DESENVOLVIMENTO RURAL SUSTENTÁVEL '),(21,'INMEQ',520537,'INSTITUTO DE METROLOGIA E QUALIDADE DE ALAGOAS'),(22,'ITEC',410506,'INSTITUTO DE TECNOLOGIA EM INFORMÁTICA E INFORMAÇÃO DO ESTADO DE ALAGOAS '),(23,'ITERAL',530541,'INSTITUTO DE TERRAS E REFORMA AGRÁRIA DE ALAGOAS'),(24,'IMA',530542,'INSTITUTO DO MEIO AMBIENTE DO ESTADO DE ALAGOAS'),(25,'IZP',510517,'INSTITUTO ZUMBI DOS PALMARES'),(26,'JUCEAL',520534,'JUNTA COMERCIAL DE  ESTADO DE ALAGOAS '),(28,'POAL',NULL,'PERICIA OFICIAL DO ESTADO DE ALAGOAS'),(29,'PCAL',NULL,'POLICIA CIVIL DO ESTADO DE ALAGOAS'),(30,'PMAL',NULL,'POLICIA MILITAR DE ALAGOAS'),(31,'PGE',NULL,'PROCURADORIA GERAL DO ESTADO'),(32,'SEAGRE',NULL,'SEC DE ESTADO DA AGRICULTURA PECUARIA PESCA E AQUICULTURA'),(34,'SEADES',NULL,'SECRETARIA DE ESTADO DA ASSISTENCIA E DESENVOLVIMENTO SOCIAL'),(35,'SECTI',NULL,'SECRETARIA DE ESTADO DA CIENCIA DA TECNOLOGIA E DA INOVACAO'),(36,'SECOM',NULL,'SECRETARIA DE ESTADO DA COMUNICACAO'),(37,'SECULT',NULL,'SECRETARIA DE ESTADO DA CULTURA'),(38,'SEDUC',NULL,'SECRETARIA DE ESTADO DA EDUCACAO'),(39,'SEFAZ',NULL,'SECRETARIA DE ESTADO DA FAZENDA'),(40,'SEINFRA',NULL,'SECRETARIA DE ESTADO DA INFRA ESTRUTURA'),(41,'SEMUDH',NULL,'SECRETARIA DE ESTADO DA MULHER CIDADANIA DIREITOS HUMANOS'),(42,'SEPAQ',NULL,'SECRETARIA DE ESTADO DA PESCA E AQUICULTURA  DE ALAGOAS'),(43,'SESAU',NULL,'SECRETARIA DE ESTADO DA SAUDE'),(44,'SSP',NULL,'SECRETARIA DE ESTADO DA SEGURANCA PUBLICA'),(45,'SEAP',NULL,'SECRETARIA DE ESTADO DE ARTICULAÇÃO POLÍTICA DE ALAGOAS'),(46,'SEPREV',NULL,'SECRETARIA DE ESTADO DE PREVENCAO A VIOLENCIA'),(47,'SERIS',NULL,'SECRETARIA DE ESTADO DE RESSOCIALIZACAO E INCLUSAO SOCIAL'),(48,'SETRAND',NULL,'SECRETARIA DE ESTADO DE TRANSPORTE E DESENVOLVIMENTO URBANO'),(49,'SEDETUR',NULL,'SECRETARIA DE ESTADO DO DESENVOLVIMENTO ECONOMICO E TURISMO'),(50,'SELAJ',NULL,'SECRETARIA DE ESTADO DO ESPORTE LAZER E JUVENTUDE'),(51,'SEMARH',NULL,'SECRETARIA DE ESTADO DO MEIO AMBIENTE E RECURSOS HIDRICOS'),(53,'SEPLAG',NULL,'SECRETARIA DE ESTADO DO PLANEJAMENTO GESTAO E PATRIMONIO'),(54,'SETE',NULL,'SECRETARIA DE ESTADO DO TRABALHO E EMPREGO'),(55,'SERVEAL',NULL,'SERVICOS DE ENGENHARIA DE ALAGOAS S/A'),(56,'SGAP',NULL,'SUPERINTENDÊNCIA GERAL DE ADMINISTRAÇÃO PENITENCIÁRIA'),(57,'UNEAL',NULL,'UNIVERSIDADE ESTADUAL DE ALAGOAS'),(58,'UNCISAL',NULL,'UNIVERSIDADE ESTADUAL DE CIENCIAS DA SAUDE DE ALAGOAS'),(59,'CEPAL',NULL,'IMPRENSA OFICIAL GRACILIANO RAMOS');
/*!40000 ALTER TABLE `tb_orgaos` ENABLE KEYS */;
UNLOCK TABLES;

--
-- Table structure for table `tb_ouvidoria`
--

DROP TABLE IF EXISTS `tb_ouvidoria`;
/*!40101 SET @saved_cs_client     = @@character_set_client */;
/*!40101 SET character_set_client = utf8 */;
CREATE TABLE `tb_ouvidoria` (
  `ID` int(11) NOT NULL AUTO_INCREMENT,
  `ID_ORGAO` int(11) NOT NULL,
  `NM_NUMERO_PROCESSO` varchar(255) NOT NULL,
  `DT_RECEBIMENTO_MANIFESTACAO` date NOT NULL,
  `DT_ABERTURA` date NOT NULL,
  `NM_TIPO_MANIFESTACAO` enum('SOLICITAÇÃO DE PROVIDENCIA','RECLAMAÇÃO','DENUNCIA','SUGESTAO','ELOGIO') NOT NULL,
  `NM_CARACTERISTICA_MANIFESTACAO` varchar(255) NOT NULL,
  `NM_ASSUNTO` varchar(255) NOT NULL,
  `NM_CANAL_RECEBIMENTO_MANIFESTACAO` enum('TELEFONE','ONLINE','PRESENCIAL','') NOT NULL,
  `NM_TIPO_PESSOA` enum('FISICA','JURIDICA','','') NOT NULL,
  `DT_EMAIL_CONFIRMACAO` date NOT NULL,
  `DT_EMAIL_RESPOSTA` date NOT NULL,
  `ID_ORGAO_VINCULADO_ENCAMINHADO` int(11) DEFAULT NULL,
  `NM_SITUACAO` enum('OUVIDORIA','AGUARDANDO RESPOSTA','','') NOT NULL,
  `DT_ULTIMA_ATUALIZACAO` date NOT NULL,
  `ID_SERVIDOR_ATUALIZOU` int(11) NOT NULL,
  PRIMARY KEY (`ID`),
  KEY `ID_ORGAO` (`ID_ORGAO`),
  KEY `ID_ORGAO_VINCULADO_ENCAMINHADO` (`ID_ORGAO_VINCULADO_ENCAMINHADO`),
  KEY `ID_SERVIDOR_ATUALIZOU` (`ID_SERVIDOR_ATUALIZOU`),
  CONSTRAINT `tb_ouvidoria_ibfk_1` FOREIGN KEY (`ID_ORGAO`) REFERENCES `tb_orgaos` (`ID`),
  CONSTRAINT `tb_ouvidoria_ibfk_2` FOREIGN KEY (`ID_ORGAO_VINCULADO_ENCAMINHADO`) REFERENCES `tb_orgaos` (`ID`),
  CONSTRAINT `tb_ouvidoria_ibfk_3` FOREIGN KEY (`ID_SERVIDOR_ATUALIZOU`) REFERENCES `tb_servidores` (`ID`)
) ENGINE=InnoDB DEFAULT CHARSET=utf8;
/*!40101 SET character_set_client = @saved_cs_client */;

--
-- Dumping data for table `tb_ouvidoria`
--

LOCK TABLES `tb_ouvidoria` WRITE;
/*!40000 ALTER TABLE `tb_ouvidoria` DISABLE KEYS */;
/*!40000 ALTER TABLE `tb_ouvidoria` ENABLE KEYS */;
UNLOCK TABLES;

--
-- Table structure for table `tb_passagens_aereas`
--

DROP TABLE IF EXISTS `tb_passagens_aereas`;
/*!40101 SET @saved_cs_client     = @@character_set_client */;
/*!40101 SET character_set_client = utf8 */;
CREATE TABLE `tb_passagens_aereas` (
  `ID` int(11) NOT NULL AUTO_INCREMENT,
  `ID_SERVIDOR_BENEFICIARIO` int(11) NOT NULL,
  `ID_ORGAO` int(11) NOT NULL,
  `DT_IDA` date NOT NULL,
  `DT_VOLTA` date NOT NULL,
  `VL_IDA` decimal(10,2) NOT NULL,
  `VL_VOLTA` decimal(10,2) NOT NULL,
  `NM_FINALIDADE` varchar(255) NOT NULL,
  `NM_DESTINO` varchar(255) NOT NULL,
  `DT_PRESTACAO_CONTAS` date NOT NULL,
  `DT_ULTIMA_ATUALIZACAO` date NOT NULL,
  `ID_SERVIDOR_ATUALIZOU` int(11) NOT NULL,
  PRIMARY KEY (`ID`),
  KEY `ID_SERVIDOR_BENEFICIARIO` (`ID_SERVIDOR_BENEFICIARIO`),
  KEY `ID_ORGAO` (`ID_ORGAO`),
  KEY `ID_SERVIDOR_ATUALIZOU` (`ID_SERVIDOR_ATUALIZOU`),
  CONSTRAINT `tb_passagens_aereas_ibfk_1` FOREIGN KEY (`ID_SERVIDOR_BENEFICIARIO`) REFERENCES `tb_servidores` (`ID`),
  CONSTRAINT `tb_passagens_aereas_ibfk_2` FOREIGN KEY (`ID_ORGAO`) REFERENCES `tb_orgaos` (`ID`),
  CONSTRAINT `tb_passagens_aereas_ibfk_3` FOREIGN KEY (`ID_SERVIDOR_ATUALIZOU`) REFERENCES `tb_servidores` (`ID`)
) ENGINE=InnoDB AUTO_INCREMENT=4 DEFAULT CHARSET=utf8;
/*!40101 SET character_set_client = @saved_cs_client */;

--
-- Dumping data for table `tb_passagens_aereas`
--

LOCK TABLES `tb_passagens_aereas` WRITE;
/*!40000 ALTER TABLE `tb_passagens_aereas` DISABLE KEYS */;
INSERT INTO `tb_passagens_aereas` VALUES (1,3,8,'2017-12-13','2017-12-13',895.00,1200.00,'VIAGEM A CURSO DE PHP!!!!','BRASÍLIA - DF','2018-01-03','2017-12-13',1),(2,1,8,'2017-05-18','2017-06-18',2000.00,1000.00,'PASSEIO COM A FAMILIA','DELMIRO GOUVEIA','2017-07-18','2017-12-13',1),(3,3,8,'2017-12-13','2017-12-14',80.00,30.00,'FAZER CURSO DE QLIKVIEW','SAO PAULO','2017-12-28','2017-12-13',1);
/*!40000 ALTER TABLE `tb_passagens_aereas` ENABLE KEYS */;
UNLOCK TABLES;

--
-- Table structure for table `tb_permissoes`
--

DROP TABLE IF EXISTS `tb_permissoes`;
/*!40101 SET @saved_cs_client     = @@character_set_client */;
/*!40101 SET character_set_client = utf8 */;
CREATE TABLE `tb_permissoes` (
  `ID` int(11) NOT NULL AUTO_INCREMENT,
  `ID_SERVIDOR` int(11) NOT NULL,
  `VISUALIZAR_CONTRATOS` tinyint(1) NOT NULL DEFAULT '0',
  `VISUALIZAR_CONVENIOS` tinyint(1) NOT NULL DEFAULT '0',
  `VISUALIZAR_DIARIAS` tinyint(1) NOT NULL DEFAULT '0',
  `VISUALIZAR_ADIANTAMENTOS` tinyint(1) NOT NULL DEFAULT '0',
  `VISUALIZAR_RECEITAS_DESPESAS` tinyint(1) NOT NULL DEFAULT '0',
  `VISUALIZAR_PASSAGENS_AEREAS` tinyint(1) NOT NULL DEFAULT '0',
  `VISUALIZAR_VEICULOS` tinyint(1) NOT NULL DEFAULT '0',
  `VISUALIZAR_COMBUSTIVEL` tinyint(1) NOT NULL DEFAULT '0',
  `VISUALIZAR_TELEFONIA` tinyint(1) NOT NULL DEFAULT '0',
  `VISUALIZAR_LAI` tinyint(1) NOT NULL DEFAULT '0',
  `VISUALIZAR_LAI_PEDIDOS` tinyint(1) NOT NULL DEFAULT '0',
  `VISUALIZAR_CORREICAO` tinyint(1) NOT NULL DEFAULT '0',
  `VISUALIZAR_OUVIDORIA` tinyint(1) NOT NULL,
  `VISUALIZAR_OBRAS` tinyint(1) NOT NULL DEFAULT '0',
  `VISUALIZAR_RMB` tinyint(1) NOT NULL DEFAULT '0',
  `VISUALIZAR_RMA` tinyint(1) NOT NULL DEFAULT '0',
  `VISUALIZAR_TI` tinyint(1) NOT NULL DEFAULT '0',
  `VISUALIZAR_SERVIDORES` tinyint(1) NOT NULL DEFAULT '0',
  `GERENCIAR_CONTRATOS` tinyint(1) NOT NULL DEFAULT '0',
  `GERENCIAR_CONVENIOS` tinyint(1) NOT NULL DEFAULT '0',
  `GERENCIAR_DIARIAS` tinyint(1) NOT NULL DEFAULT '0',
  `GERENCIAR_ADIANTAMENTOS` tinyint(1) NOT NULL DEFAULT '0',
  `GERENCIAR_RECEITAS_DESPESAS` tinyint(1) NOT NULL DEFAULT '0',
  `GERENCIAR_PASSAGENS_AEREAS` tinyint(1) NOT NULL DEFAULT '0',
  `GERENCIAR_VEICULOS` tinyint(1) NOT NULL DEFAULT '0',
  `GERENCIAR_COMBUSTIVEL` tinyint(1) NOT NULL DEFAULT '0',
  `GERENCIAR_TELEFONIA` tinyint(1) NOT NULL DEFAULT '0',
  `GERENCIAR_LAI` tinyint(1) NOT NULL DEFAULT '0',
  `GERENCIAR_LAI_PEDIDOS` tinyint(1) NOT NULL DEFAULT '0',
  `GERENCIAR_CORREICAO` tinyint(1) NOT NULL DEFAULT '0',
  `GERENCIAR_OUVIDORIA` tinyint(1) NOT NULL,
  `GERENCIAR_OBRAS` tinyint(1) NOT NULL DEFAULT '0',
  `GERENCIAR_RMB` tinyint(1) NOT NULL DEFAULT '0',
  `GERENCIAR_RMA` tinyint(1) NOT NULL DEFAULT '0',
  `GERENCIAR_TI` tinyint(1) NOT NULL DEFAULT '0',
  `GERENCIAR_SERVIDORES` tinyint(1) NOT NULL DEFAULT '0',
  `VISAO_TODOS_ORGAOS` tinyint(1) NOT NULL DEFAULT '0',
  PRIMARY KEY (`ID`),
  KEY `ID_SERVIDOR` (`ID_SERVIDOR`),
  CONSTRAINT `tb_permissoes_ibfk_1` FOREIGN KEY (`ID_SERVIDOR`) REFERENCES `tb_servidores` (`ID`)
) ENGINE=InnoDB AUTO_INCREMENT=4 DEFAULT CHARSET=utf8;
/*!40101 SET character_set_client = @saved_cs_client */;

--
-- Dumping data for table `tb_permissoes`
--

LOCK TABLES `tb_permissoes` WRITE;
/*!40000 ALTER TABLE `tb_permissoes` DISABLE KEYS */;
INSERT INTO `tb_permissoes` VALUES (1,1,1,1,1,1,1,1,1,1,1,1,1,1,1,1,1,1,1,1,1,1,1,1,1,1,1,1,1,1,1,1,1,1,1,1,1,1,1),(2,2,1,1,1,1,1,1,1,1,1,1,1,1,1,1,1,1,1,1,1,1,1,1,1,1,1,1,1,1,1,1,1,1,1,1,1,1,1),(3,3,1,1,1,1,1,1,1,1,1,1,1,1,1,1,1,1,1,1,1,1,1,1,1,1,1,1,1,1,1,1,1,1,1,1,1,1,1);
/*!40000 ALTER TABLE `tb_permissoes` ENABLE KEYS */;
UNLOCK TABLES;

--
-- Table structure for table `tb_receitas`
--

DROP TABLE IF EXISTS `tb_receitas`;
/*!40101 SET @saved_cs_client     = @@character_set_client */;
/*!40101 SET character_set_client = utf8 */;
CREATE TABLE `tb_receitas` (
  `ID` int(11) NOT NULL AUTO_INCREMENT,
  `ID_ORGAO` int(11) NOT NULL,
  `ID_RECEITA` int(11) NOT NULL,
  `NR_MES` int(2) NOT NULL,
  `NR_ANO` year(4) NOT NULL,
  `DS_RECEITA` varchar(255) NOT NULL,
  `VL_RECEITA` decimal(20,2) NOT NULL,
  `DT_ULTIMA_ATUALIZACAO` date NOT NULL,
  `ID_SERVIDOR_ATUALIZOU` int(11) NOT NULL,
  PRIMARY KEY (`ID`),
  KEY `ID_ORGAO` (`ID_ORGAO`),
  KEY `ID_RECEITA` (`ID_RECEITA`),
  KEY `ID_SERVIDOR_ATUALIZOU` (`ID_SERVIDOR_ATUALIZOU`),
  CONSTRAINT `tb_receitas_ibfk_1` FOREIGN KEY (`ID_ORGAO`) REFERENCES `tb_orgaos` (`ID`),
  CONSTRAINT `tb_receitas_ibfk_2` FOREIGN KEY (`ID_RECEITA`) REFERENCES `tb_tipos_receitas` (`ID`),
  CONSTRAINT `tb_receitas_ibfk_3` FOREIGN KEY (`ID_SERVIDOR_ATUALIZOU`) REFERENCES `tb_servidores` (`ID`)
) ENGINE=InnoDB AUTO_INCREMENT=14 DEFAULT CHARSET=utf8;
/*!40101 SET character_set_client = @saved_cs_client */;

--
-- Dumping data for table `tb_receitas`
--

LOCK TABLES `tb_receitas` WRITE;
/*!40000 ALTER TABLE `tb_receitas` DISABLE KEYS */;
INSERT INTO `tb_receitas` VALUES (12,8,1,1,2018,'COTA MENSAL',5000.00,'2018-01-04',1),(13,8,1,2,2018,'COTA MENSAL COM ADICIONAL',6500.00,'2018-01-04',1);
/*!40000 ALTER TABLE `tb_receitas` ENABLE KEYS */;
UNLOCK TABLES;

--
-- Table structure for table `tb_rma`
--

DROP TABLE IF EXISTS `tb_rma`;
/*!40101 SET @saved_cs_client     = @@character_set_client */;
/*!40101 SET character_set_client = utf8 */;
CREATE TABLE `tb_rma` (
  `ID` int(11) NOT NULL AUTO_INCREMENT,
  `ID_ORGAO` int(11) NOT NULL,
  `ID_CLASSIFICACAO_CONTABIL` int(11) NOT NULL,
  `VL_SALDO` decimal(10,2) NOT NULL,
  `VL_SALDO_ANTERIOR` decimal(10,2) NOT NULL,
  `VL_ENTRADAS` decimal(10,2) NOT NULL,
  `VL_ENTRADAS_EXTRAS` decimal(10,2) DEFAULT NULL,
  `VL_SAIDAS` decimal(10,2) NOT NULL,
  `VL_SALDO_ATUAL` decimal(10,2) NOT NULL,
  `DT_ULTIMA_ATUALIZACAO` date NOT NULL,
  `ID_SERVIDOR_ATUALIZOU` int(11) NOT NULL,
  PRIMARY KEY (`ID`),
  KEY `ID_ORGAO` (`ID_ORGAO`),
  KEY `ID_SERVIDOR_ATUALIZOU` (`ID_SERVIDOR_ATUALIZOU`),
  KEY `ID_CLASSIFICACAO_CONTABIL` (`ID_CLASSIFICACAO_CONTABIL`),
  CONSTRAINT `tb_rma_ibfk_1` FOREIGN KEY (`ID_ORGAO`) REFERENCES `tb_orgaos` (`ID`),
  CONSTRAINT `tb_rma_ibfk_2` FOREIGN KEY (`ID_SERVIDOR_ATUALIZOU`) REFERENCES `tb_servidores` (`ID`),
  CONSTRAINT `tb_rma_ibfk_3` FOREIGN KEY (`ID_CLASSIFICACAO_CONTABIL`) REFERENCES `tb_classificacao_contabil_rma` (`ID`)
) ENGINE=InnoDB AUTO_INCREMENT=13 DEFAULT CHARSET=utf8;
/*!40101 SET character_set_client = @saved_cs_client */;

--
-- Dumping data for table `tb_rma`
--

LOCK TABLES `tb_rma` WRITE;
/*!40000 ALTER TABLE `tb_rma` DISABLE KEYS */;
INSERT INTO `tb_rma` VALUES (12,8,4,1111.00,2222.00,3333.00,4444.00,5555.00,6666.00,'2017-12-21',3);
/*!40000 ALTER TABLE `tb_rma` ENABLE KEYS */;
UNLOCK TABLES;

--
-- Table structure for table `tb_rmb`
--

DROP TABLE IF EXISTS `tb_rmb`;
/*!40101 SET @saved_cs_client     = @@character_set_client */;
/*!40101 SET character_set_client = utf8 */;
CREATE TABLE `tb_rmb` (
  `ID` int(11) NOT NULL AUTO_INCREMENT,
  `ID_ORGAO` int(11) NOT NULL,
  `NM_TIPO_PATRIMONIO` enum('MÓVEL','IMÓVEL') NOT NULL,
  `ID_CLASSIFICACAO_CONTABIL` int(11) NOT NULL,
  `VL_SALDO` decimal(10,2) NOT NULL,
  `VL_SALDO_ANTERIOR` decimal(10,2) NOT NULL,
  `VL_ENTRADAS` decimal(10,2) NOT NULL,
  `VL_ENTRADAS_EXTRAS` decimal(10,2) DEFAULT NULL,
  `VL_SAIDAS` decimal(10,2) NOT NULL,
  `VL_SALDO_ATUAL` decimal(10,2) NOT NULL,
  `DT_ULTIMA_ATUALIZACAO` date NOT NULL,
  `ID_SERVIDOR_ATUALIZOU` int(11) NOT NULL,
  PRIMARY KEY (`ID`),
  KEY `ID_ORGAO` (`ID_ORGAO`),
  KEY `ID_SERVIDOR_ATUALIZOU` (`ID_SERVIDOR_ATUALIZOU`),
  KEY `ID_CLASSIFICACAO_CONTABIL` (`ID_CLASSIFICACAO_CONTABIL`),
  CONSTRAINT `tb_rmb_ibfk_1` FOREIGN KEY (`ID_ORGAO`) REFERENCES `tb_orgaos` (`ID`),
  CONSTRAINT `tb_rmb_ibfk_2` FOREIGN KEY (`ID_SERVIDOR_ATUALIZOU`) REFERENCES `tb_servidores` (`ID`),
  CONSTRAINT `tb_rmb_ibfk_3` FOREIGN KEY (`ID_CLASSIFICACAO_CONTABIL`) REFERENCES `tb_classificacao_contabil_rmb` (`ID`)
) ENGINE=InnoDB AUTO_INCREMENT=11 DEFAULT CHARSET=utf8;
/*!40101 SET character_set_client = @saved_cs_client */;

--
-- Dumping data for table `tb_rmb`
--

LOCK TABLES `tb_rmb` WRITE;
/*!40000 ALTER TABLE `tb_rmb` DISABLE KEYS */;
INSERT INTO `tb_rmb` VALUES (10,8,'MÓVEL',9,2313434.00,1232345.00,1231241.00,123123.00,123123.00,1111111.00,'2017-12-19',3);
/*!40000 ALTER TABLE `tb_rmb` ENABLE KEYS */;
UNLOCK TABLES;

--
-- Table structure for table `tb_servidores`
--

DROP TABLE IF EXISTS `tb_servidores`;
/*!40101 SET @saved_cs_client     = @@character_set_client */;
/*!40101 SET character_set_client = utf8 */;
CREATE TABLE `tb_servidores` (
  `ID` int(11) NOT NULL AUTO_INCREMENT,
  `NM_SERVIDOR` varchar(255) NOT NULL,
  `CPF_SERVIDOR` varchar(14) NOT NULL,
  `CNH_SERVIDOR` varchar(255) DEFAULT NULL,
  `ID_ORGAO` int(11) NOT NULL,
  `NM_MATRICULA` varchar(255) NOT NULL,
  `NM_CARGO` varchar(255) NOT NULL,
  `ID_GRUPO` int(11) NOT NULL,
  `NM_CONDICAO` varchar(255) NOT NULL,
  `NM_EMAIL` varchar(255) NOT NULL,
  `NM_ARQUIVO_FOTO` varchar(255) NOT NULL DEFAULT 'default.jpg',
  `SENHA` varchar(32) NOT NULL DEFAULT 'e10adc3949ba59abbe56e057f20f883e',
  PRIMARY KEY (`ID`),
  KEY `ID_ORGAO` (`ID_ORGAO`),
  KEY `ID_GRUPO` (`ID_GRUPO`),
  CONSTRAINT `tb_servidores_ibfk_1` FOREIGN KEY (`ID_ORGAO`) REFERENCES `tb_orgaos` (`ID`),
  CONSTRAINT `tb_servidores_ibfk_2` FOREIGN KEY (`ID_GRUPO`) REFERENCES `tb_grupos` (`ID`)
) ENGINE=InnoDB AUTO_INCREMENT=4 DEFAULT CHARSET=utf8;
/*!40101 SET character_set_client = @saved_cs_client */;

--
-- Dumping data for table `tb_servidores`
--

LOCK TABLES `tb_servidores` WRITE;
/*!40000 ALTER TABLE `tb_servidores` DISABLE KEYS */;
INSERT INTO `tb_servidores` VALUES (1,'JUDSON MELO BANDEIRA','062.200.904-46',NULL,8,'0000-0','ANALISTA DE TECNOLOGIA DA INFORMAçãO',84,'BOLSISTA','judson.bandeira@cge.al.gov.br','perfil.jpg','e10adc3949ba59abbe56e057f20f883e'),(2,'THIAGO PAIVA FERREIRA','057.996.054-46',NULL,8,'119-8','ASSESSOR DE GOVERNANçA E TRANSPARêNCIA',42,'COMISSIONADO','thiago.paiva@cge.al.gov.br','default.jpg','e10adc3949ba59abbe56e057f20f883e'),(3,'VILKER TENóRIO CABRAL LOBO','057.520.314-51','12345678',8,'00000-0','ANALISTA DE TECNOLOGIA DA INFORMAçãO',84,'BOLSISTA','vilker.tenorio@cge.al.gov.br','default.jpg','e10adc3949ba59abbe56e057f20f883e');
/*!40000 ALTER TABLE `tb_servidores` ENABLE KEYS */;
UNLOCK TABLES;

--
-- Table structure for table `tb_telefonia`
--

DROP TABLE IF EXISTS `tb_telefonia`;
/*!40101 SET @saved_cs_client     = @@character_set_client */;
/*!40101 SET character_set_client = utf8 */;
CREATE TABLE `tb_telefonia` (
  `ID` int(11) NOT NULL AUTO_INCREMENT,
  `ID_ORGAO` int(11) NOT NULL,
  `NM_NUMERO` varchar(255) NOT NULL,
  `NM_TIPO` varchar(255) NOT NULL,
  `VL_COTA_MENSAL` decimal(10,2) NOT NULL,
  `ID_SERVIDOR_RESPONSAVEL` int(11) NOT NULL,
  `DT_ULTIMA_ATUALIZACAO` date NOT NULL,
  `ID_SERVIDOR_ATUALIZOU` int(11) NOT NULL,
  PRIMARY KEY (`ID`),
  KEY `ID_ORGAO` (`ID_ORGAO`),
  KEY `ID_SERVIDOR_RESPONSAVEL` (`ID_SERVIDOR_RESPONSAVEL`),
  KEY `ID_SERVIDOR_ATUALIZOU` (`ID_SERVIDOR_ATUALIZOU`),
  CONSTRAINT `tb_telefonia_ibfk_1` FOREIGN KEY (`ID_ORGAO`) REFERENCES `tb_orgaos` (`ID`),
  CONSTRAINT `tb_telefonia_ibfk_2` FOREIGN KEY (`ID_SERVIDOR_RESPONSAVEL`) REFERENCES `tb_servidores` (`ID`),
  CONSTRAINT `tb_telefonia_ibfk_3` FOREIGN KEY (`ID_SERVIDOR_ATUALIZOU`) REFERENCES `tb_servidores` (`ID`)
) ENGINE=InnoDB AUTO_INCREMENT=3 DEFAULT CHARSET=utf8;
/*!40101 SET character_set_client = @saved_cs_client */;

--
-- Dumping data for table `tb_telefonia`
--

LOCK TABLES `tb_telefonia` WRITE;
/*!40000 ALTER TABLE `tb_telefonia` DISABLE KEYS */;
INSERT INTO `tb_telefonia` VALUES (1,8,'99660-2021','FIXO',460.00,3,'2017-12-14',1),(2,8,'99552-2222','MOVEL',50.00,2,'2017-12-19',1);
/*!40000 ALTER TABLE `tb_telefonia` ENABLE KEYS */;
UNLOCK TABLES;

--
-- Table structure for table `tb_ti`
--

DROP TABLE IF EXISTS `tb_ti`;
/*!40101 SET @saved_cs_client     = @@character_set_client */;
/*!40101 SET character_set_client = utf8 */;
CREATE TABLE `tb_ti` (
  `ID` int(11) NOT NULL AUTO_INCREMENT,
  `ID_ORGAO` int(11) NOT NULL,
  `NM_EQUIPAMENTO` varchar(255) NOT NULL,
  `NR_QUANTIDADE_PROPRIO` int(11) NOT NULL,
  `NR_QUANTIDADE_ALUGADO` int(11) NOT NULL,
  `NR_QUANTIDADE_CEDIDO` int(11) NOT NULL,
  `ID_ORGAO_CEDIDO` int(11) DEFAULT NULL,
  `NR_QUANTIDADE_RECEBIDO` int(11) NOT NULL,
  `ID_ORGAO_ORIGEM` int(11) DEFAULT NULL,
  `NR_TOTAL_DISPONIVEL` int(11) NOT NULL,
  `NM_OBSERVACAO` varchar(255) NOT NULL,
  `DT_ULTIMA_ATUALIZACAO` date NOT NULL,
  `ID_SERVIDOR_ATUALIZOU` int(11) NOT NULL,
  PRIMARY KEY (`ID`),
  KEY `ID_ORGAO` (`ID_ORGAO`),
  KEY `ID_ORGAO_CEDIDO_` (`ID_ORGAO_CEDIDO`),
  KEY `ID_ORGAO_ORIGEM` (`ID_ORGAO_ORIGEM`),
  KEY `ID_SERVIDOR_ATUALIZOU` (`ID_SERVIDOR_ATUALIZOU`),
  CONSTRAINT `tb_ti_ibfk_1` FOREIGN KEY (`ID_ORGAO`) REFERENCES `tb_orgaos` (`ID`),
  CONSTRAINT `tb_ti_ibfk_2` FOREIGN KEY (`ID_ORGAO_CEDIDO`) REFERENCES `tb_orgaos` (`ID`),
  CONSTRAINT `tb_ti_ibfk_3` FOREIGN KEY (`ID_ORGAO_ORIGEM`) REFERENCES `tb_orgaos` (`ID`),
  CONSTRAINT `tb_ti_ibfk_4` FOREIGN KEY (`ID_SERVIDOR_ATUALIZOU`) REFERENCES `tb_servidores` (`ID`)
) ENGINE=InnoDB DEFAULT CHARSET=utf8;
/*!40101 SET character_set_client = @saved_cs_client */;

--
-- Dumping data for table `tb_ti`
--

LOCK TABLES `tb_ti` WRITE;
/*!40000 ALTER TABLE `tb_ti` DISABLE KEYS */;
/*!40000 ALTER TABLE `tb_ti` ENABLE KEYS */;
UNLOCK TABLES;

--
-- Table structure for table `tb_tipos_despesas`
--

DROP TABLE IF EXISTS `tb_tipos_despesas`;
/*!40101 SET @saved_cs_client     = @@character_set_client */;
/*!40101 SET character_set_client = utf8 */;
CREATE TABLE `tb_tipos_despesas` (
  `ID` int(11) NOT NULL AUTO_INCREMENT,
  `CD_DESPESA` varchar(15) NOT NULL,
  `NM_TIPO` varchar(8) NOT NULL,
  `NM_DESPESA` varchar(100) NOT NULL,
  PRIMARY KEY (`ID`)
) ENGINE=InnoDB AUTO_INCREMENT=48 DEFAULT CHARSET=utf8;
/*!40101 SET character_set_client = @saved_cs_client */;

--
-- Dumping data for table `tb_tipos_despesas`
--

LOCK TABLES `tb_tipos_despesas` WRITE;
/*!40000 ALTER TABLE `tb_tipos_despesas` DISABLE KEYS */;
INSERT INTO `tb_tipos_despesas` VALUES (1,'3.3.3.5.0.41.03','Variável','Transferências a Instituições Privadas'),(2,'3.3.3.9.0.14.00','Variável','Diárias Pessoal Civil'),(3,'3.3.3.9.0.30.04','Variável','Gás e Outros Materiais Engarrafados'),(4,'3.3.3.9.0.30.07','Variável','Gêneros de Alimentação'),(5,'3.3.3.9.0.30.11','Variável','Material Químico'),(6,'3.3.3.9.0.30.16','Variável','Material de Expediente'),(7,'3.3.3.9.0.30.17','Variável','Material de Processamento de Dados'),(8,'3.3.3.9.0.30.19','Variável','Material de Acondicionamento e Embalagem'),(9,'3.3.3.9.0.30.21','Variável','Material de Copa e Cozinha'),(10,'3.3.3.9.0.30.22','Variável','Material de Limpeza e Produtos de Higienização'),(11,'3.3.3.9.0.30.24','Variável','Material para Manutenção de Bens Imóveis'),(12,'3.3.3.9.0.30.30','Variável','Material para Comunicações'),(13,'3.3.3.9.0.30.44','Variável','Material de Sinalização Visual'),(14,'3.3.3.9.0.30.96','Variável','Material de Consumo - Pagamento Antecipado'),(15,'3.3.3.9.0.33.01','Variável','Passagens para o País'),(16,'3.3.3.9.0.35.00','Variável','Serviços de Consultoria'),(17,'3.3.3.9.0.36.15','Fixa','Locação de Imóveis'),(18,'3.3.3.9.0.36.19','Variável','Locação de Imóveis - CAUCAO'),(19,'3.3.3.9.0.36.96','Variável','Outros Serviços de Terceiros PF - Pagamento Antecipado'),(20,'3.3.3.9.0.37.02','Fixa','Limpeza e Conservação'),(21,'3.3.3.9.0.39.01','Variável','Assinatura de Periódicos e Anuidades'),(22,'3.3.3.9.0.39.05','Variável','Serviços Técnicos Profissionais'),(23,'3.3.3.9.0.39.16','Variável','Manutenção e Conservação de Bens Imóveis'),(24,'3.3.3.9.0.39.17','Variável','Manutenção e Conservação de Máquinas e Equipamentos'),(25,'3.3.3.9.0.39.19','Variável','Manutenção e Conservação de Veículos'),(26,'3.3.3.9.0.39.22','Variável','Exposições, Congressos e Conferências'),(27,'3.3.3.9.0.39.24','Fixa','Locação de Veículos'),(28,'3.3.3.9.0.39.43','Fixa','Serviços de Energia Elétrica'),(29,'3.3.3.9.0.39.44','Fixa','Serviços de Água e Esgoto'),(30,'3.3.3.9.0.39.48','Variável','Serviços de Seleção e Treinamento'),(31,'3.3.3.9.0.39.56','Fixa','Serviço de Telefonia'),(32,'3.3.3.9.0.39.57','Variável','Serviços de Processamento de Dados'),(33,'3.3.3.9.0.39.58','Variável','Serviços de Telecomunicações'),(34,'3.3.3.9.0.39.63','Variável','Serviços Gráficos'),(35,'3.3.3.9.0.39.87','Variável','Serviço de Recarga de Cartuchos e Tonners para Impressoras'),(36,'3.3.3.9.0.39.96','Variável','Outros Serviços de Terceiros PJ - Pagamento Antecipado'),(37,'3.3.3.9.0.39.97','Variável','Serviço de Teleprocessamento'),(38,'3.3.3.9.0.47.00','Variável','Obrigações Tributárias e Contributivas'),(39,'3.3.3.9.0.47.15','Variável','Multas'),(40,'3.3.3.9.0.47.18','Variável','Contribuições Previdenciárias - Serviços de Terceiros'),(41,'3.3.3.9.0.93.01','Variável','Indenizações e Restituições'),(42,'3.3.9.0.30.42','Variável','Taxa de coleta de lixo'),(43,'3.4.4.9.0.51.00','Variável','Obras e Instalações'),(44,'3.4.4.9.0.52.00','Variável','Equipamentos e Material Permanente'),(45,'33903026','Variável','MATERIAL ELÉTRICO ELETRÔNICO'),(46,'PF0000001','Fixa','Folha de pessoal'),(47,'PF0000002','Fixa','Contribuições');
/*!40000 ALTER TABLE `tb_tipos_despesas` ENABLE KEYS */;
UNLOCK TABLES;

--
-- Table structure for table `tb_tipos_receitas`
--

DROP TABLE IF EXISTS `tb_tipos_receitas`;
/*!40101 SET @saved_cs_client     = @@character_set_client */;
/*!40101 SET character_set_client = utf8 */;
CREATE TABLE `tb_tipos_receitas` (
  `ID` int(11) NOT NULL AUTO_INCREMENT,
  `CD_RECEITA` varchar(15) NOT NULL,
  `NM_RECEITA` varchar(100) NOT NULL,
  PRIMARY KEY (`ID`)
) ENGINE=InnoDB AUTO_INCREMENT=7 DEFAULT CHARSET=utf8;
/*!40101 SET character_set_client = @saved_cs_client */;

--
-- Dumping data for table `tb_tipos_receitas`
--

LOCK TABLES `tb_tipos_receitas` WRITE;
/*!40000 ALTER TABLE `tb_tipos_receitas` DISABLE KEYS */;
INSERT INTO `tb_tipos_receitas` VALUES (1,'0000001','Cota Secretaria da Fazenda'),(2,'0000002','Cota extra'),(3,'333903096','Devolução de Adiantamento'),(4,'PF0000001','Folha de pessoal'),(5,'PF0000002','Contribuições'),(6,'','Convênios');
/*!40000 ALTER TABLE `tb_tipos_receitas` ENABLE KEYS */;
UNLOCK TABLES;

--
-- Table structure for table `tb_uf`
--

DROP TABLE IF EXISTS `tb_uf`;
/*!40101 SET @saved_cs_client     = @@character_set_client */;
/*!40101 SET character_set_client = utf8 */;
CREATE TABLE `tb_uf` (
  `ID` int(11) NOT NULL AUTO_INCREMENT,
  `NM_SIGLA` varchar(255) NOT NULL,
  `NM_NOME` varchar(255) NOT NULL,
  PRIMARY KEY (`ID`)
) ENGINE=InnoDB AUTO_INCREMENT=28 DEFAULT CHARSET=utf8 ROW_FORMAT=COMPACT;
/*!40101 SET character_set_client = @saved_cs_client */;

--
-- Dumping data for table `tb_uf`
--

LOCK TABLES `tb_uf` WRITE;
/*!40000 ALTER TABLE `tb_uf` DISABLE KEYS */;
INSERT INTO `tb_uf` VALUES (1,'AC','Acre'),(2,'AL','Alagoas'),(3,'AP','Amapá'),(4,'AM','Amazonas'),(5,'BA','Bahia'),(6,'CE','Ceará'),(7,'DF','Distrito Federal'),(8,'ES','Espírito Santo'),(9,'GO','Goiás'),(10,'MA','Maranhão'),(11,'MT','Mato Grosso'),(12,'MS','Mato Grosso do Sul'),(13,'MG','Minas Gerais'),(14,'PA','Pará'),(15,'PB','Paraíba'),(16,'PR','Paraná'),(17,'PE','Pernambuco'),(18,'PI','Piauí'),(19,'RJ','Rio de Janeiro'),(20,'RN','Rio Grande do Norte'),(21,'RS','Rio Grande do Sul'),(22,'RO','Rondônia'),(23,'RR','Roraima'),(24,'SC','Santa Catarina'),(25,'SP','São Paulo'),(26,'SE','Sergipe'),(27,'TO','Tocantins');
/*!40000 ALTER TABLE `tb_uf` ENABLE KEYS */;
UNLOCK TABLES;

--
-- Table structure for table `tb_veiculos`
--

DROP TABLE IF EXISTS `tb_veiculos`;
/*!40101 SET @saved_cs_client     = @@character_set_client */;
/*!40101 SET character_set_client = utf8 */;
CREATE TABLE `tb_veiculos` (
  `ID` int(11) NOT NULL AUTO_INCREMENT,
  `NM_PLACA` varchar(255) NOT NULL,
  `NM_LOCADO_PROPRIO` varchar(255) NOT NULL,
  `NM_LOCADORA` varchar(255) DEFAULT NULL,
  `NM_PADRAO` varchar(255) NOT NULL,
  `VL_ALUGUEL_MENSAL` decimal(10,2) DEFAULT NULL,
  `NM_MODELO` varchar(255) NOT NULL,
  `NM_RENAVAM` varchar(255) NOT NULL,
  `NM_ANO_FABRICACAO` varchar(255) NOT NULL,
  `BL_LICENCIADO` tinyint(1) NOT NULL,
  `ID_ORGAO` int(11) NOT NULL,
  `ID_ORGAO_RECEBIDO` int(11) DEFAULT NULL,
  `NR_TERMO_CESSAO` int(11) DEFAULT NULL,
  `DT_ULTIMA_MANUTENCAO` date NOT NULL,
  `BL_LOGOMARCA` tinyint(1) NOT NULL,
  `BL_SEGURO` tinyint(1) NOT NULL,
  `BL_CHIPADO` tinyint(1) NOT NULL,
  `NM_MAPA_CONTROLE` enum('SIM','NÃO') NOT NULL,
  `ID_SERVIDOR_CONDUTOR` int(11) NOT NULL,
  `BL_RECOLHIDO_NOITE` tinyint(1) NOT NULL,
  `BL_MULTA` tinyint(1) NOT NULL,
  `NM_AVARIA` varchar(255) DEFAULT NULL,
  `NM_OBSERVACOES` varchar(255) DEFAULT NULL,
  `DT_ULTIMA_ATUALIZACAO` date NOT NULL,
  `ID_SERVIDOR_ATUALIZOU` int(11) NOT NULL,
  PRIMARY KEY (`ID`),
  KEY `ID_ORGAO` (`ID_ORGAO`),
  KEY `ID_ORGAO_RECEBIDO` (`ID_ORGAO_RECEBIDO`),
  KEY `ID_SERVIDOR_CONDUTOR` (`ID_SERVIDOR_CONDUTOR`),
  KEY `ID_SERVIDOR_ATUALIZOU` (`ID_SERVIDOR_ATUALIZOU`),
  CONSTRAINT `tb_veiculos_ibfk_1` FOREIGN KEY (`ID_ORGAO`) REFERENCES `tb_orgaos` (`ID`),
  CONSTRAINT `tb_veiculos_ibfk_2` FOREIGN KEY (`ID_ORGAO_RECEBIDO`) REFERENCES `tb_orgaos` (`ID`),
  CONSTRAINT `tb_veiculos_ibfk_3` FOREIGN KEY (`ID_SERVIDOR_CONDUTOR`) REFERENCES `tb_servidores` (`ID`),
  CONSTRAINT `tb_veiculos_ibfk_4` FOREIGN KEY (`ID_SERVIDOR_ATUALIZOU`) REFERENCES `tb_servidores` (`ID`)
) ENGINE=InnoDB AUTO_INCREMENT=4 DEFAULT CHARSET=utf8;
/*!40101 SET character_set_client = @saved_cs_client */;

--
-- Dumping data for table `tb_veiculos`
--

LOCK TABLES `tb_veiculos` WRITE;
/*!40000 ALTER TABLE `tb_veiculos` DISABLE KEYS */;
INSERT INTO `tb_veiculos` VALUES (1,'OXN-5960','PROPRIO','NÃO','PADRÃO',0.00,'HB-20','12312377848783','2013/2014',1,8,NULL,NULL,'2017-12-15',0,1,1,'',1,0,0,'ARRANHAO NA PARTE DIANTEIRA','EM PERFEITO ESTADO','2017-12-16',1),(2,'AAA-2222','PROPRIO','','E1.1',11111.00,'FIESTA','000000000','2017/2018',1,8,7,0,'2017-12-11',1,0,1,'',2,1,0,'FAROL DIANTEIRO QUEBRADO','A SERVIçO DO PRESIDENTE','2017-12-18',3),(3,'AAA-2222','LOCADO','A.& AMORIM','B',11232343.00,'GOL','13454565656','2015/2016',1,8,19,123344546,'2017-12-19',1,0,1,'NÃO',3,0,0,'FAROL DIANTEIRO QUEBRADO','PRECISA DE MANUTENÇÃO','2017-12-19',3);
/*!40000 ALTER TABLE `tb_veiculos` ENABLE KEYS */;
UNLOCK TABLES;

--
-- Dumping routines for database 'pct'
--
/*!40103 SET TIME_ZONE=@OLD_TIME_ZONE */;

/*!40101 SET SQL_MODE=@OLD_SQL_MODE */;
/*!40014 SET FOREIGN_KEY_CHECKS=@OLD_FOREIGN_KEY_CHECKS */;
/*!40014 SET UNIQUE_CHECKS=@OLD_UNIQUE_CHECKS */;
/*!40101 SET CHARACTER_SET_CLIENT=@OLD_CHARACTER_SET_CLIENT */;
/*!40101 SET CHARACTER_SET_RESULTS=@OLD_CHARACTER_SET_RESULTS */;
/*!40101 SET COLLATION_CONNECTION=@OLD_COLLATION_CONNECTION */;
/*!40111 SET SQL_NOTES=@OLD_SQL_NOTES */;

-- Dump completed on 2018-01-11 14:00:02
